角色名,总时长(时:分:秒.毫秒),音频数量,标注数量
eclaireur,0:00:01.188000,1,1
littleDehya,0:00:02.800000,1,1
mikoshiGenjiro,0:00:00.591000,1,1
samurai,0:00:07.989000,1,1
stupidThief,0:01:07.269000,17,17
thoarderA,0:00:02.876000,1,1
yataKoki,0:00:00.971000,1,1
yoshiharu,0:00:48.212000,14,14
「丑角」,0:00:28.364000,3,3
「仆人」,0:23:26.265000,142,142
「千日喧哗大飞车」,0:00:37.107000,6,6
「博士」,0:15:15.597000,92,92
「卡布斯」,0:05:24.847000,41,41
「女士」,0:07:28.732000,68,68
「守卫」,0:00:25.891000,4,4
「寝子」,0:00:13.345000,2,2
「小王子」,0:00:02.055000,3,3
「年轻的守卫」,0:00:08.217000,3,3
「怪力三十三」,0:00:45.345000,9,9
「怪鸟」,0:00:39.356000,7,7
「愚人众」守卫,0:00:51.299000,11,11
「没疤脸」帕奇诺,0:00:15.712000,4,4
「法拉西亚」,0:00:30.633000,5,5
「电气鞘翅」,0:00:43.495000,6,6
「白老先生」,0:10:50.441000,76,76
「窃贼」,0:00:18.017000,3,3
「粉刷匠」德尼禄,0:00:15.693000,2,2
「胆小」的守卫,0:00:58.687000,16,16
「花角玉将」,0:06:52.975000,60,60
「贡达法」,0:04:43.895000,27,27
「贪婪」的守卫,0:01:12.624000,22,22
「越石丸」,0:01:07.585000,9,9
「造笼师」,0:00:30.828000,3,3
「金龟奇术番长」,0:00:46.793000,7,7
「集群」成员,0:00:09.948000,1,1
「集群」的杂音,0:00:48.917000,10,10
イザード,0:01:20.171000,19,19
エメラルド,0:00:55.184000,12,12
サラ,0:08:50.299000,95,95
ファデュイ,0:00:05.828000,4,4
ファデュイ新兵,0:00:20.452000,9,9
一平,0:05:30.800000,52,52
一弦,0:00:09.797000,2,2
一柱,0:00:09.797000,4,4
一正,0:01:12.884000,21,21
一然,0:00:15.057000,4,4
一道,0:00:17.845000,3,3
一阔,0:00:02.229000,1,1
七七,0:15:53.508000,204,204
七叶寂照秘密主,0:00:53.019000,15,15
七尾,0:01:42.147000,15,15
七郎,0:00:02.587000,1,1
万叶,0:00:02.145000,1,1
万货通,0:00:01.301000,1,1
三河茜,0:00:02.815000,1,1
三浦,0:00:04.036000,1,1
三田,0:02:08.295000,20,20
上杉,0:06:59.529000,53,53
上野,0:01:27.935000,15,15
不满的观众,0:00:03.011000,1,1
不耐烦的观众,0:00:04.087000,1,1
不解的观众,0:00:02.713000,1,1
丘丘人,0:00:23.720000,10,10
东东,0:00:04.440000,2,2
东升,0:01:15.116000,13,13
东雅,0:00:07.307000,2,2
丝柯克,0:04:57.092000,35,35
严备,0:00:11.519000,1,1
严肃的观众,0:00:04.551000,1,1
中西,0:00:05.237000,1,1
中野,0:00:07.143000,1,1
中野志乃,0:01:48.383000,14,14
丹丹,0:00:30.535000,7,7
丹吉尔,0:09:12.627000,69,69
丹羽,0:05:52.999000,27,27
丹迪,0:00:01.213000,1,1
丽玛,0:01:51.945000,15,15
丽莎,1:11:18.541000,682,682
乃亚卜,0:00:07.192000,2,2
久保,0:00:11.480000,4,4
久利须,0:08:37.979000,77,77
久岐妙,0:00:15.229000,1,1
久岐忍,1:09:13.988000,601,601
久彦,0:01:20.105000,13,13
久美,0:00:02.459000,1,1
义坚,0:00:20.417000,6,6
义高,0:00:32.845000,10,10
乌代,0:01:38.160000,14,14
乌姆,0:00:10.488000,2,2
乌宰尔,0:02:09.731000,23,23
乌尔曼,0:00:02.213000,1,1
乌尔法,0:00:02.473000,1,1
乌尔班,0:00:02.876000,1,1
乌森,0:00:46.705000,5,5
乌纳因,0:01:57.189000,18,18
乌维,0:04:04.163000,42,42
乌达德,0:00:06.187000,2,2
乌迪诺,0:00:11.067000,2,2
乐平波琳,0:10:00.783000,66,66
乐明,0:00:35.313000,5,5
乐观的观众,0:00:04.808000,1,1
乔伊斯,0:00:12.292000,3,3
乔姨,0:00:02.889000,1,1
乔尔,0:01:56.212000,21,21
乔瑟夫,0:01:16.876000,11,11
九条孝行,0:02:50.469000,18,18
九条政仁,0:00:07.156000,2,2
九条裟罗,0:50:04.504000,422,422
九条镰治,0:12:44.888000,108,108
书摊老板,0:00:16.133000,3,3
买书的顾客,0:00:18.624000,3,3
乾子,0:00:24.988000,4,4
乾玮,0:02:38.296000,23,23
于嫣,0:00:39.001000,9,9
云叔,0:02:37.063000,26,26
云堇,1:10:07.473000,619,619
云淡,0:00:02.548000,1,1
五郎,1:15:46.447000,713,713
井上,0:00:03.823000,1,1
井手,0:00:10.611000,3,3
亚卡巴,0:05:17.421000,39,39
亚历克塞,0:01:37.299000,14,14
亚历山德拉,0:00:05.917000,2,2
亚拉,0:01:25.047000,11,11
亢奋的观众,0:00:02.333000,1,1
亮子,0:00:23.749000,3,3
人群,0:00:14.208000,3,3
仁羽,0:00:02.248000,1,1
今泉,0:01:35.564000,14,14
今谷三郎,0:02:39.156000,23,23
今谷佳祐,0:03:10.439000,42,42
今谷香里,0:02:42.011000,23,23
仲林,0:00:03.017000,1,1
伊万,0:00:05.075000,2,2
伊丝黛莱,0:03:05.981000,21,21
伊丽丝,0:00:15.923000,4,4
伊代尔,0:00:05.451000,1,1
伊凡诺维奇,0:01:29.688000,17,17
伊利亚斯,0:13:06.889000,128,128
伊娜丝,0:00:20.927000,5,5
伊娜姆,0:00:07.833000,2,2
伊尔佳,0:00:07.691000,2,2
伊庭,0:03:08.505000,27,27
伊德里西,0:04:58.963000,44,44
伊扎德,0:00:10.432000,2,2
伊拉兹,0:00:05.769000,2,2
伊拉杰,0:00:10.356000,2,2
伊泽姆,0:00:06.628000,2,2
伊洁贝儿,0:02:07.873000,14,14
伊莉米娅,0:00:10.624000,1,1
伊莎朵,0:02:54.376000,22,22
伊萨克,0:04:37.005000,56,56
伊萨米,0:00:12.717000,2,2
伊薇特,0:00:03.187000,1,1
伊达里,0:00:09.936000,3,3
伊迪娅,0:29:15.220000,239,239
伍德,0:00:02.663000,1,1
休闲鸦,0:00:09.499000,2,2
众人,0:01:41.804000,38,38
优丹,0:00:10.320000,4,4
优午,0:00:07.975000,1,1
优律,0:00:10.268000,3,3
优素福,0:00:07.904000,2,2
优菈,1:03:23.971000,588,588
会场主持人,0:00:28.679000,5,5
传令兵,0:00:28.557000,6,6
传次郎,0:02:10.405000,20,20
伦纳德,0:00:25.633000,4,4
伯德里科,0:00:36.119000,8,8
伯恩哈德,0:04:19.316000,43,43
伯桓子,0:00:05.684000,1,1
伶一,0:00:09.323000,2,2
伶俐鬼,0:00:41.608000,7,7
伸夫,0:01:43.081000,9,9
伸缩风蕈兽,0:00:04.831000,4,4
伽吠毗陀,0:04:00.091000,37,37
伽拉蒂雅,0:00:35.171000,4,4
低吟的浮游水蕈兽,0:00:01.244000,1,1
佐佐木,0:00:08.035000,3,3
佐藤,0:00:04.016000,1,1
佐西摩斯,0:14:21.160000,115,115
佐赫蕾,0:00:18.384000,4,4
佑旭,0:00:02.192000,1,1
佩佩,0:00:03.407000,2,2
佩尔西科夫,0:03:35.335000,27,27
佩鲁,0:00:16.285000,2,2
侍从丙,0:01:46.309000,22,22
侍从乙,0:00:46.757000,9,9
侍从甲,0:01:24.927000,14,14
侯赛因,0:00:07.799000,2,2
俊明,0:00:48,7,7
保琳,0:00:25.375000,3,3
信博,0:03:19.883000,25,25
信盛,0:00:01.203000,1,1
修永,0:00:29.731000,4,4
倨傲的剑客,0:00:30.348000,3,3
债务处理人,0:01:06.289000,15,15
健三郎,0:00:46.692000,12,12
健司,0:01:40.431000,11,11
健次郎,0:00:59.108000,8,8
健谈的村民,0:01:49.581000,14,14
傅三儿,0:01:47.836000,15,15
元助,0:00:11.084000,4,4
元太,0:07:59.515000,98,98
元蓉,0:00:01.701000,1,1
光之,0:03:09.389000,28,28
克列门特,0:05:17.900000,55,55
克叙涅,0:00:03.253000,1,1
克洛琳德,0:09:41.017000,90,90
克罗丽丝,0:00:05.377000,1,1
克罗索,0:06:02.869000,47,47
克里托夫,0:00:03.131000,1,1
克雷门斯,0:00:04.700000,1,1
八木,0:00:09.357000,2,2
八重神子,2:29:11.380000,1065,1065
公主,0:03:21.880000,39,39
公俊,0:00:09.259000,1,1
公明,0:00:02.889000,1,1
六指乔瑟,0:01:26.804000,19,19
兰丘,0:00:36.228000,6,6
兰巴德,0:01:39.695000,13,13
兰溪,0:00:58.309000,6,6
兰达,0:00:04.409000,1,1
兰道夫,0:00:01.843000,1,1
兰道尔,0:01:07.039000,11,11
兰那罗A,0:00:01.112000,1,1
关宏,0:00:21.543000,5,5
兴修,0:02:41.851000,25,25
兴叔,0:01:32.051000,14,14
兴奋的观众,0:00:27.815000,8,8
其老爷,0:00:03.356000,1,1
内嘉,0:01:08.885000,12,12
内尔敏,0:00:07.483000,2,2
内村,0:01:03.080000,14,14
内森,0:00:07.657000,2,2
内海,0:00:04.368000,1,1
冈崎绘里香,0:00:09.913000,2,2
冈崎陆斗,0:00:36.288000,6,6
冈林,0:00:54.684000,8,8
冒失的帕拉德,0:03:08.547000,32,32
冒险家,0:00:24.323000,5,5
农夫,0:00:12.784000,2,2
冰封之心,0:01:40.695000,9,9
冷静的守卫,0:00:06.556000,2,2
凉子,0:00:13.324000,4,4
凝光,1:51:50.096000,904,904
几原凯,0:00:03.300000,1,1
凯万,0:00:10.413000,2,2
凯亚,2:34:57.127000,1308,1308
凯叔,0:00:08.379000,2,2
凯瑟琳,0:32:50.485000,330,330
凯西娅,0:04:43.668000,36,36
凶恶的男人,0:00:07.027000,3,3
刀疤刘,0:02:14.744000,16,16
判官儿,0:00:02.277000,1,1
利弗,0:00:34.119000,7,7
利彦,0:01:01.419000,9,9
利文斯通博士,0:00:02.801000,2,2
利瓦尔,0:00:02.220000,1,1
刺玫会成员,0:00:43.765000,6,6
刻晴,1:09:52.608000,608,608
刻薄的男子,0:00:22.493000,2,2
削月筑阳真君,0:04:11.161000,32,32
前田,0:00:10.357000,4,4
剑鱼二番队代理队长,0:00:33.449000,5,5
剑鱼二番队老兵,0:00:27.377000,3,3
加埃特,0:00:41.113000,9,9
加扎里,0:00:14.968000,4,4
加斯帕尔,0:00:22.787000,5,5
加斯顿,0:00:07.527000,2,2
加福尔,0:03:24.947000,29,29
加萨尼,0:04:57.079000,48,48
加藤信悟,0:01:39.025000,14,14
加藤洋平,0:05:24.199000,45,45
加里克,0:00:11.552000,3,3
动摇的剑客,0:00:10.992000,1,1
努查赫,0:00:06.360000,1,1
劳伦斯,0:03:16.013000,35,35
劳维克,0:11:59.061000,107,107
劳莉,0:00:20.580000,4,4
勒泰利埃,0:00:03.333000,1,1
勘解由小路健三郎,0:00:15.152000,2,2
勤奋的武士,0:00:41.349000,6,6
勿忘,0:00:02.200000,1,1
匆忙的囚犯,0:00:03.027000,1,1
北斗,1:23:09.372000,860,860
北村,0:02:42.477000,23,23
千叶,0:00:07.801000,2,2
千岩军守卫,0:00:45.368000,14,14
千岩军队长,0:00:08.271000,2,2
千晶,0:00:04.820000,2,2
千织,0:07:30.935000,91,91
卉卉,0:00:12.408000,3,3
半四郎,0:00:36.495000,5,5
华清,0:00:17.585000,7,7
卓也,0:04:47.497000,51,51
卓英,0:00:14.069000,4,4
博学的武人,0:00:07.955000,1,1
博尼法兹,0:00:06.564000,2,2
博彦,0:00:51.808000,10,10
博易,0:08:07.171000,63,63
博来,0:08:44.361000,94,94
博纳,0:00:24.205000,6,6
博行,0:00:12.609000,2,2
博诺,0:00:16.960000,5,5
卜劳恩,0:00:02.728000,1,1
卡丁,0:00:53.980000,9,9
卡万,0:00:42.364000,6,6
卡乌斯,0:00:14.948000,4,4
卡利贝尔,0:01:15.491000,16,16
卡卡塔,0:00:10.925000,8,8
卡嘉妮,0:00:05.867000,2,2
卡塔扬,0:01:33.765000,14,14
卡姆兰,0:00:11.111000,3,3
卡姆拉,0:00:08.924000,2,2
卡斯帕,0:00:04.269000,1,1
卡格姆尼,0:00:12.945000,4,4
卡桑,0:00:31.280000,5,5
卡玛尔,0:02:06.319000,19,19
卡琵莉亚,0:00:56.248000,10,10
卡瓦贾,0:01:12.532000,10,10
卡维,2:25:22.930000,991,991
卡莉娜,0:06:10.628000,53,53
卡莉露,0:09:40.320000,100,100
卡萝蕾,0:03:03.200000,33,33
卡西特,0:01:52.535000,23,23
卡西米,0:00:45.817000,7,7
卡里尔,0:00:18.017000,4,4
卡里玛,0:00:08.137000,2,2
卡门,0:00:27.527000,6,6
卡齐姆,0:00:08.504000,2,2
卢克,0:00:11.825000,3,3
卢卡,0:01:56.304000,19,19
卢森巴博,0:01:18.869000,17,17
卢正,0:00:47.249000,8,8
卫兵,0:00:45.908000,7,7
卯師匠,0:04:31.185000,43,43
厄桑,0:00:06.496000,2,2
厨师,0:00:06.559000,2,2
参赛者,0:00:40.281000,17,17
友人,0:00:12.927000,2,2
友浩,0:00:06.688000,2,2
友里,0:00:27.268000,7,7
双叶,0:00:02.589000,1,1
反抗军士兵,0:00:07.080000,2,2
反驳的观众,0:00:10.087000,1,1
受灾的女性居民,0:00:10.024000,2,2
受灾的男性居民,0:00:09.533000,3,3
古尔根,0:00:14.529000,4,4
古山,0:05:24.797000,30,30
古德温,0:00:10.196000,3,3
古思塔斯普,0:00:09.377000,2,2
古拉姆,0:00:27.139000,4,4
古拉布吉尔,0:00:04.979000,2,2
古泽,0:00:47.604000,12,12
古田,0:04:32.193000,29,29
古谷升,0:02:10.508000,17,17
古齐安,0:00:09.600000,2,2
另一只浮游水蕈兽,0:00:00.920000,1,1
可疑的路人,0:01:31.076000,21,21
可莉,1:29:59.379000,895,895
史蒂文斯,0:00:03.235000,1,1
叶卡捷琳娜,0:02:17.765000,24,24
叶名山薰,0:00:03.339000,1,1
叶戈尔,0:00:09.208000,2,2
叹气的观众,0:00:01.268000,1,1
合成,0:01:00.013000,6,6
吉丽安娜,0:00:05.501000,2,2
吉尼亚克,0:00:20.991000,5,5
吉川,0:00:24.037000,4,4
吉沃尼,0:00:33.404000,4,4
吉盖克斯,0:00:02.620000,1,1
吉祥,0:00:23.604000,3,3
向明,0:00:03.592000,1,1
君君,0:00:42.851000,10,10
吴老七,0:00:26.707000,6,6
吴老二,0:01:54.033000,23,23
吴老五,0:00:36.073000,6,6
吴船长,0:09:00.273000,73,73
周平,0:01:26.759000,11,11
周良,0:01:23.473000,16,16
命运使徒,0:00:24.223000,3,3
和声,0:00:04.191000,1,1
和昭,0:01:17.047000,14,14
和泉那希,0:00:33.288000,7,7
咲耶,0:00:01.737000,1,1
哈亚提,0:00:01.769000,1,1
哈伦,0:02:53.051000,26,26
哈兹姆,0:00:09.460000,2,2
哈勒敦,0:00:08.511000,3,3
哈坎,0:00:10.753000,4,4
哈多,0:01:57.839000,17,17
哈夫丹,0:00:22.365000,3,3
哈姆宰,0:00:20.459000,6,6
哈尔瓦,0:00:20.524000,4,4
哈尔瓦尼,0:00:05.701000,2,2
哈巴奇,0:00:06.743000,2,2
哈彦,0:00:04.884000,1,1
哈扬,0:00:11.455000,2,2
哈拉夫,0:00:57.080000,10,10
哈桑,0:00:06.809000,2,2
哈比,0:00:08.300000,1,1
哈比卜,0:00:10.237000,1,1
哈特姆,0:00:17.232000,3,3
哈特曼,0:00:25.827000,4,4
哈琳,0:00:07.156000,2,2
哈瓦,0:00:08.653000,2,2
哈瓦德,0:00:08.516000,2,2
哈立德,0:00:13.205000,2,2
哈里,0:00:40.457000,8,8
哈里斯,0:00:05.712000,1,1
哈里森,0:00:28.203000,6,6
哈马沙,0:00:07.771000,1,1
哈马维,0:00:08.405000,2,2
响太,0:01:11.900000,10,10
哲夫,0:01:41.267000,14,14
哲平,0:15:45.276000,163,163
哲瓦德,0:01:26.675000,16,16
哲远,0:00:04.704000,1,1
唐娜,0:03:51.729000,43,43
唐无仇,0:00:03.668000,1,1
商人信众,0:00:38.425000,6,6
商华,0:02:56.429000,23,23
商贩,0:04:42.499000,40,40
喜儿,0:00:02.195000,1,1
喝彩的观众,0:00:03.277000,1,1
嘉久,0:01:13.076000,13,13
嘉义,0:02:41.216000,27,27
嘉玛,0:08:59.456000,75,75
嘉玮,0:00:03.888000,1,1
嘉良,0:08:29.289000,78,78
嘉铭,0:00:01.609000,1,1
嘲笑的观众,0:00:10.309000,3,3
回声海螺,0:12:33.487000,86,86
回忆中的声音,0:00:45.444000,10,10
回忆中的小五,0:00:26.555000,4,4
回忆中的木木,0:00:32.240000,4,4
回忆中的狼哥,0:00:16.952000,3,3
回忆中的老孟,0:00:13.261000,2,2
回忆中的聪子,0:00:36.061000,4,4
回忆心声,0:00:11.315000,2,2
回过神来的观众,0:00:06.963000,1,1
困惑的观众,0:00:08.547000,3,3
国王,0:00:57.623000,13,13
图斯,0:01:17.067000,8,8
图昂,0:01:03.993000,9,9
图曼,0:00:07.651000,2,2
图马特,0:00:24.221000,3,3
土门,0:01:24.384000,17,17
坂本,0:00:13.635000,4,4
坎蒂丝,0:33:36.424000,280,280
坦吉,0:00:03.503000,1,1
埃克朗谢,0:00:12.392000,3,3
埃兰,0:01:41.587000,18,18
埃勒曼,0:09:02.929000,95,95
埃塞尔雷德,0:01:04.705000,10,10
埃夫拉,0:00:07.248000,1,1
埃尔凡,0:00:11.044000,3,3
埃尔庇艾,0:00:18.400000,3,3
埃尔欣根,0:07:10.667000,44,44
埃德,0:29:25.291000,254,254
埃德蒙多,0:01:52.955000,16,16
埃斯蒙德,0:03:43.552000,36,36
埃松,0:00:10.787000,3,3
埃桑,0:00:16.860000,5,5
埃泽,0:07:53.151000,70,70
埃洛伊,0:11:48.263000,120,120
埃舍尔,0:03:55.310000,19,19
城门守卫,0:00:16.009000,3,3
基娅拉,0:05:05.424000,45,45
基翁,0:00:11.444000,2,2
塔什芬,0:00:38.228000,5,5
塔列辛,0:00:03.131000,1,1
塔娜玛尔,0:00:08.057000,2,2
塔尼娜,0:00:30.333000,4,4
塔尼莎,0:00:47.116000,8,8
塔希尔,0:00:06.919000,2,2
塔拉内,0:00:06.337000,2,2
塔杰·拉德卡尼,0:07:02.251000,40,40
塔玛拉,0:00:06.693000,2,2
塔米娜,0:00:09.412000,2,2
塔米米,0:00:06.435000,2,2
塔维妮儿,0:00:09.569000,2,2
塔里克,0:04:11.977000,30,30
塞卡伊,0:00:20.933000,3,3
塞塔蕾,0:13:10.707000,107,107
塞娜,0:00:29.661000,7,7
塞库菈,0:00:06.760000,2,2
塞律里埃,0:00:14.891000,3,3
塞德娜,0:05:24.541000,42,42
塞琉斯,0:16:14.799000,147,147
塞萨尔的日记,0:06:03.425000,25,25
夏妮,0:05:15.699000,34,34
夏姆,0:00:03.324000,1,1
夏沃蕾,0:51:40.773000,416,416
夏洛蒂,1:10:52.841000,481,481
夙凌,0:00:03.499000,1,1
多加,0:00:11.773000,2,2
多梅尼科,0:01:55.792000,18,18
多洛拉,0:00:31.080000,4,4
多莉,0:53:28.993000,290,290
夜兰,1:20:10.152000,681,681
大久保大介,0:00:52.356000,8,8
大助,0:01:16.293000,11,11
大卫,0:00:17.557000,5,5
大和田,0:04:28.573000,33,33
大坤,0:00:11.884000,4,4
大岛纯平,0:00:02.593000,1,1
大当家,0:00:25.621000,3,3
大徐,0:00:58.288000,7,7
大慈树王,0:09:25.116000,55,55
大森,0:00:48.081000,9,9
大武,0:00:52.755000,12,12
大河原五右卫门,0:00:18.851000,4,4
大泉,0:00:08.744000,2,2
大盗,0:01:32.113000,14,14
大祐,0:00:01.319000,1,1
大肉丸,0:21:23.168000,171,171
大脚,0:00:34.583000,6,6
大辅,0:02:04.837000,28,28
大迷糊,0:00:04.881000,1,1
大邋遢,0:00:02.680000,1,1
大隆,0:02:27.845000,30,30
大黄,0:00:07.164000,2,2
天叔,0:13:17.932000,86,86
天守阁守卫,0:00:13.737000,10,10
天守阁守卫 倒地,0:00:03.521000,2,2
天成,0:00:05.767000,2,2
天权幕僚,0:00:05.919000,1,1
天目优也,0:01:05.139000,14,14
天目十五,0:11:57.095000,71,71
天野,0:01:03.308000,12,12
天音,0:01:08.975000,6,6
天领奉行士兵,0:00:00.216000,1,1
天领奉行护卫,0:00:07.117000,1,1
太田太郎,0:00:02.727000,1,1
太郎丸,0:00:11.997000,8,8
失去战意的机械螃蟹,0:00:01.669000,1,1
失望する観衆,0:00:07.535000,1,1
失望的观众,0:00:06.079000,1,1
奇恩,0:00:27.579000,8,8
奇拉,0:00:08.183000,2,2
奈拉,0:00:09.203000,2,2
奏太,0:00:27.617000,7,7
奔雷手秦师傅,0:00:06.752000,2,2
奥乌兹,0:00:16.113000,5,5
奥兹,0:20:33.263000,187,187
奥利维亚,0:00:05.973000,1,1
奥古斯都·洛夫莱斯,0:00:02.844000,1,1
奥拉夫,0:01:33.249000,21,21
奥格劳,0:00:51.840000,7,7
奥泰巴,0:04:23.747000,26,26
奥特,0:01:58.925000,25,25
奥瑟莱,0:01:36.929000,17,17
奥贝德,0:00:04.211000,2,2
奥雷乌斯,0:00:10.017000,2,2
女孩,0:01:07.306000,11,11
女性信众,0:00:57.944000,8,8
好奇的帕琪,0:00:11.307000,4,4
好奇的村民,0:00:19.881000,4,4
如意,0:00:33.983000,2,2
妮基娜,0:00:07.629000,2,2
妮欧莎,0:02:14.465000,16,16
妮维妲,0:00:26.733000,5,5
妮露,1:22:00.096000,658,658
妲卡玛忒,0:00:09.828000,2,2
威拉格,0:00:03.071000,1,1
娜丝琳,0:00:34.820000,7,7
娜德瓦,0:05:43.333000,40,40
娜斯米儿,0:00:54.448000,14,14
娜比雅,0:04:01.595000,33,33
娜泽宁,0:00:19.765000,5,5
娜维娅,2:40:40.064000,1260,1260
娜蒂亚,0:00:17.531000,6,6
婕叶,0:00:10.517000,3,3
婵儿,0:00:31.475000,9,9
婷婷,0:00:07.573000,3,3
子分,0:00:07.217000,1,1
孙宇,0:00:02.900000,1,1
孝利,0:01:34.681000,10,10
孟丹,0:00:54.140000,9,9
孟迪尔,0:02:20.344000,22,22
季同,0:00:03.019000,1,1
孩子们,0:00:10.853000,5,5
宁禄,0:04:58.412000,53,53
守卫,0:00:15.859000,4,4
守卫们,0:00:02.361000,2,2
守卫长官,0:00:04.501000,1,1
安东尼,0:00:10.151000,3,3
安妮塞,0:00:14.935000,3,3
安娜,0:00:11.327000,3,3
安娜斯塔西娅,0:00:33.871000,8,8
安德烈,0:00:41.379000,11,11
安托万,0:02:08.012000,18,18
安普叔,0:01:58.365000,18,18
安柏,0:57:11.136000,690,690
安武,0:02:20.568000,22,22
安田,0:00:03.691000,1,1
安藤,0:00:09.040000,2,2
安西,0:05:28.628000,38,38
安顺,0:00:39.055000,6,6
宏一,0:00:02.299000,1,1
宏宇,0:00:11.749000,3,3
宏达,0:03:45.727000,29,29
宏飞,0:00:22.680000,4,4
宛烟,0:06:41.880000,90,90
宜年,0:00:57.165000,12,12
宝儿,0:00:03.584000,1,1
审问,0:00:53.867000,10,10
宫崎三朗,0:00:05.127000,1,1
宵宫,2:01:05.500000,1045,1045
家臣们,0:00:02.205000,1,1
宽则,0:00:31.273000,7,7
寅杰,0:00:06.864000,2,2
密兹里,0:00:00.365000,1,1
富拉特,0:00:09.344000,2,2
富贵,0:00:04.661000,1,1
寒锋,0:00:03.148000,1,1
寺田,0:00:04.796000,1,1
导演,0:00:07.027000,2,2
将司,0:02:37.829000,30,30
小乐,0:02:44.735000,34,34
小五,0:01:59.677000,22,22
小仓优,0:00:03.319000,1,1
小仓澪,0:06:09.768000,59,59
小伟,0:00:08.351000,2,2
小六,0:00:03.540000,1,1
小冥,0:00:55.996000,10,10
小千,0:00:31.104000,6,6
小卷,0:00:06.276000,1,1
小吉,0:00:01.799000,1,1
小威,0:00:01.915000,1,1
小孩,0:00:53.363000,7,7
小安,0:00:11.736000,4,4
小山,0:00:03.449000,1,1
小川,0:04:27.759000,43,43
小弟,0:00:05.808000,1,1
小征,0:00:03.733000,1,1
小德,0:00:08.017000,2,2
小斌,0:00:37.187000,9,9
小星,0:00:05.296000,2,2
小春,0:00:05.064000,2,2
小昭,0:00:17.808000,6,6
小月,0:00:02.208000,1,1
小林,0:00:21.171000,5,5
小漫,0:00:03.812000,1,1
小猛,0:00:04.216000,1,1
小玲,0:00:44.648000,5,5
小畑,0:00:03.528000,2,2
小百合,0:00:04.220000,1,1
小绿,0:00:02.461000,1,1
小羽,0:00:03.439000,1,1
小茜,0:00:02.447000,1,1
小蒙,0:00:38.749000,5,5
小辛焱,0:00:07.777000,2,2
小郁,0:00:17.707000,4,4
小野,0:00:08.177000,2,2
小野寺,0:06:49.076000,48,48
小野田,0:00:03.512000,1,1
小雀儿,0:00:02.201000,1,1
小雨,0:00:03.552000,1,1
小龙,0:01:03.909000,13,13
少女辛焱,0:00:02.385000,1,1
尚,0:00:08.352000,6,6
尚博迪克,0:02:13.051000,21,21
尤兹贾尼,0:00:07.456000,2,2
尤努斯,0:00:06.301000,2,2
尤夫腾,0:00:03.892000,1,1
尤苏波夫,0:05:09.188000,33,33
尤骏,0:00:03.668000,1,1
尼卡,0:00:07.079000,2,2
尼姆,0:00:08.739000,2,2
尼尔森,0:00:05.432000,2,2
尼扎姆,0:00:10.813000,3,3
尼达尔,0:00:24.669000,6,6
尽责的守卫,0:00:02.349000,1,1
居勒什,0:00:43.176000,6,6
居安,0:00:44.631000,5,5
山上,0:00:13.557000,3,3
山城健太,0:00:05.508000,1,1
山田,0:00:04.395000,1,1
岚姐,0:03:54.340000,41,41
岛政兴,0:00:03.599000,1,1
岩夫,0:03:30.227000,38,38
岩田,0:00:20.068000,3,3
岳川,0:00:01.959000,1,1
巡林员,0:00:39.412000,7,7
巡林护卫,0:00:38.100000,5,5
工人打扮的男子,0:00:06.699000,1,1
左右加,0:01:16.085000,11,11
巫女,0:05:30.408000,42,42
巴丝玛,0:00:21.753000,4,4
巴克尔,0:00:40.817000,8,8
巴兰,0:00:07.899000,2,2
巴哈利,0:04:30.279000,31,31
巴哈拉克,0:00:06.684000,2,2
巴尔塔萨,0:02:28.713000,19,19
巴尔马克,0:00:10.335000,2,2
巴巴,0:00:16.984000,3,3
巴巴克,0:00:09.972000,2,2
巴巴尔,0:00:11.340000,2,2
巴沙尔,0:02:15.447000,19,19
巴蒂斯特,0:03:33.011000,39,39
巴达维,0:11:03.475000,69,69
巴迪斯,0:00:59.595000,6,6
巴顿,0:01:15.013000,13,13
布兰琪,0:00:57.303000,12,12
布尔米耶,0:02:13.069000,21,21
布洛克,0:02:08.473000,20,20
布特罗斯,0:00:06.381000,2,2
布瓦洛,0:00:02.139000,1,1
布鲁斯,0:00:59.384000,11,11
希尔米,0:00:03.157000,2,2
希忒,0:00:50.677000,10,10
希拉非,0:00:09.379000,2,2
希格雯,0:16:19.585000,144,144
希沙姆,0:01:02.589000,12,12
希琳,0:00:11.124000,2,2
希茉妮,0:00:19.073000,4,4
帕丽莎,0:00:07.764000,2,2
帕奇,0:00:24.776000,7,7
帕巴格,0:00:58.624000,14,14
帕帕克,0:02:09.008000,20,20
帕斯里,0:00:00.833000,1,1
帕森,0:00:05.911000,2,2
帕纳,0:01:49.681000,16,16
帕维尔,0:00:05.539000,2,2
帕维耶,0:02:27.353000,23,23
常丰,0:00:26.413000,5,5
常九爷,0:04:48.800000,52,52
平井,0:01:13.461000,10,10
平八,0:00:03.636000,1,1
平冢,0:00:09.919000,2,2
平山,0:04:11.616000,34,34
平庸的武士,0:00:27.356000,4,4
平泉,0:00:33.967000,5,5
平海,0:00:00.935000,1,1
平野,0:01:18.931000,15,15
年取ったフィンチ,0:00:04.888000,1,1
年轻的守卫,0:00:20.731000,4,4
幸也,0:00:01.229000,1,1
幸德,0:01:52.289000,16,16
幸雄,0:00:03.232000,1,1
幽夜菲谢尔,0:03:34.295000,21,21
广播,0:00:06.280000,1,1
广海,0:00:06.793000,3,3
广竹,0:00:07.352000,1,1
庆兴,0:00:01.131000,1,1
庆次郎,0:01:37.273000,19,19
库什基,0:00:09.279000,2,2
库塞拉,0:03:10.952000,25,25
库尔苏姆,0:00:11.752000,4,4
库拉什,0:00:09.693000,2,2
库斯图,0:05:12.217000,34,34
库洛什,0:00:58.353000,13,13
库洛德莫,0:00:13.160000,1,1
库玛莉,0:00:42.592000,5,5
库珀,0:00:51.495000,7,7
库达里,0:00:55.587000,6,6
库马,0:00:15.841000,3,3
应公,0:00:02.037000,1,1
康介,0:00:24.355000,5,5
康妮,0:00:07.733000,1,1
康拉德,0:00:39.459000,7,7
康明,0:00:15.523000,4,4
康纳,0:11:10.160000,94,94
康胜,0:01:02.677000,10,10
开心的浮游水蕈兽,0:00:03.219000,3,3
异食的守卫,0:00:04.675000,1,1
式大将,0:25:05.729000,182,182
弗拉德,0:00:15.665000,6,6
弗朗西斯,0:00:03.796000,2,2
弗洛朗,0:09:19.712000,85,85
弗莱琪,0:00:07.645000,3,3
弘毅,0:00:02.387000,1,1
张大姐,0:01:47.299000,17,17
张顺,0:00:11.928000,3,3
弥生七月,0:00:04.441000,1,1
弥诺,0:00:07.184000,2,2
强叔,0:00:04.903000,1,1
彦博,0:00:01.883000,1,1
彩香,0:01:13.391000,14,14
彼得,0:00:03.361000,2,2
往日的黑蛇骑士,0:00:19.529000,5,5
徐六石,0:04:14.001000,32,32
御舆源一郎,0:00:22.492000,4,4
御舆源次郎,0:00:05.985000,1,1
御舆长正,0:00:17.213000,2,2
德利瓦,0:00:43.145000,5,5
德安公,0:00:16.155000,4,4
德富,0:01:05.371000,9,9
德尔菲娜,0:00:10.233000,3,3
德帕里,0:00:01.333000,1,1
德拉夫什,0:01:31.307000,13,13
德拉萝诗,0:05:01.947000,29,29
德沃沙克,0:13:45.829000,111,111
德田,0:05:01.335000,45,45
德贵,0:00:04.540000,1,1
德赛,0:00:01.437000,1,1
德长,0:00:12.529000,3,3
忍犬,0:00:06.712000,4,4
志华,0:00:03.139000,1,1
志成,0:00:24.551000,3,3
志村勘兵卫,0:00:31.143000,6,6
志穗,0:00:01.140000,1,1
志织,0:00:35.959000,4,4
忠夫,0:01:06.496000,10,10
忠常,0:01:08.632000,10,10
忠明,0:01:44.279000,13,13
忠胜,0:01:01.227000,12,12
忠诚的侍从,0:02:40.197000,33,33
快刀陈,0:01:17.471000,17,17
快拳阿凌,0:00:03.071000,1,1
快腿罗斯,0:00:02.761000,1,1
怀尔德,0:00:01.475000,1,1
怀疑的观众,0:00:07.640000,1,1
思勤,0:00:30.177000,4,4
思妤,0:00:07.396000,1,1
思思,0:00:05.913000,2,2
思索的观众,0:00:07.815000,1,1
思考的观众,0:00:05.989000,1,1
恍然大悟的观众,0:00:13.379000,2,2
恐慌的佣兵,0:00:07.715000,2,2
恒雄,0:00:54.140000,10,10
恕筠,0:08:44.365000,58,58
恩内斯特,0:00:45.027000,9,9
恩古尔,0:00:13.313000,2,2
恩忒卡,0:00:09.432000,2,2
恰马卡,0:00:14.765000,2,2
恶龙,0:05:37.483000,57,57
悉度,0:00:39.693000,5,5
悠也,0:00:39.032000,6,6
悠策,0:02:43.276000,25,25
悠闲的男子,0:00:11.267000,1,1
悦,0:04:46.479000,44,44
悦子,0:00:02.337000,1,1
悬帆,0:00:03.816000,1,1
惊讶的浮游水蕈兽,0:00:01.041000,1,1
惊讶的观众,0:00:41.360000,9,9
惟神晴之介,0:00:50.428000,5,5
意犹未尽的观众,0:00:04.979000,1,1
愚人众,0:00:20.044000,7,7
愚人众先遣队员,0:01:26.968000,23,23
愚人众士兵,0:00:23.205000,5,5
愚人众士官,0:01:38.164000,16,16
愚人众新兵,0:00:16.953000,3,3
感慨深い観衆,0:00:08.372000,1,1
感慨的观众,0:00:09.117000,1,1
慕胜,0:00:12.992000,4,4
慧心,0:05:14.073000,65,65
戈尔代,0:02:00.011000,19,19
戈尔珊,0:00:10.855000,2,2
戈莉,0:00:33.345000,5,5
戎世,0:01:00.368000,13,13
成濑,0:01:35.257000,16,16
戟,0:00:00.373000,1,1
戴因斯雷布,0:48:35.831000,501,501
戴派,0:01:31.785000,22,22
户田,0:00:12.683000,3,3
所有人,0:00:05.053000,1,1
手岛,0:03:03.168000,27,27
扎伊,0:00:05.217000,2,2
扎凯,0:00:07.663000,2,2
扎卡里亚,0:00:11.584000,2,2
扎莱,0:00:08.759000,2,2
扎蒂斯,0:00:26.235000,5,5
打抱不平的观众,0:00:06.371000,1,1
托克,0:09:56.516000,164,164
托马,1:34:07.266000,905,905
担忧的观众,0:00:10.947000,1,1
拉伊德,0:05:38.109000,37,37
拉凯什,0:00:07.712000,2,2
拉姆齐,0:00:04.913000,1,1
拉巴哈,0:01:07.613000,10,10
拉库马尔,0:00:52.573000,4,4
拉扎克,0:00:07.660000,2,2
拉斯蒂涅,0:01:03.357000,9,9
拉杜,0:00:44.661000,5,5
拉特什,0:00:30.208000,4,4
拉玛,0:00:16.635000,3,3
拉米兹,0:00:16.403000,4,4
拉菲克,0:00:15.992000,4,4
拉贾维,0:00:06.549000,2,2
拉赫曼,0:15:59.743000,133,133
拉韦兰,0:01:37.341000,22,22
拉齐,0:08:28.289000,69,69
拓真,0:01:43.407000,13,13
拜伊,0:00:07.464000,2,2
拜德尔,0:00:29.977000,4,4
挑食的守卫,0:00:03.061000,1,1
振翔,0:00:02.729000,1,1
掇星攫辰天君,0:06:24.825000,63,63
接待员,0:00:20.145000,2,2
推广员,0:01:55.840000,13,13
提克里蒂,0:01:11.381000,14,14
提尔贝特,0:00:37.748000,5,5
提普,0:01:05.852000,10,10
提米,0:00:29.764000,7,7
提纳里,2:11:32.876000,1025,1025
提问者,0:01:49.596000,18,18
摆渡人,0:01:05.697000,15,15
摩可,0:00:01.835000,1,1
摩婕娜,0:00:32.811000,3,3
摸鱼守卫,0:00:09.045000,3,3
撒比特,0:00:05.876000,1,1
支支,0:00:49.868000,8,8
收货人,0:00:02.472000,1,1
放浪者,0:37:01.636000,330,330
效言,0:00:03.920000,1,1
敏锐的武人,0:00:32.776000,3,3
教令院卫兵,0:00:51.881000,15,15
教令院卫队长,0:00:45.831000,8,8
教令院学者,0:00:09.060000,1,1
教令院护卫,0:00:07.669000,1,1
文泽,0:00:02.759000,1,1
文渊,0:01:53.540000,16,16
文璟,0:01:06.884000,8,8
斑目百兵卫,0:02:15.305000,14,14
斯万,0:02:37.801000,30,30
斯嘉莉,0:05:21.961000,43,43
斯坦利,0:06:51.492000,64,64
斯里玛蒂,0:00:58.395000,4,4
新之丞,0:04:05.457000,47,47
旁白,0:14:02.462000,124,124
旋转火蕈兽,0:00:01.232000,1,1
旋转雷蕈兽,0:00:04.716000,3,3
无奈的守卫,0:00:05.956000,1,1
无奈的观众,0:00:08.487000,2,2
无怨,0:00:04.449000,1,1
早柚,1:15:00.339000,624,624
昆恩（事件测试）,0:02:35.293000,28,28
昆钧,0:19:00.229000,149,149
昌信,0:00:22.528000,5,5
昌虎,0:01:54.737000,23,23
昌贵,0:00:41.056000,7,7
明俊,0:01:59.809000,15,15
明博,0:01:27.553000,18,18
昏睡的病患,0:00:07.280000,2,2
星火,0:01:12.503000,14,14
星稀,0:04:56.828000,47,47
星辰君,0:00:07.071000,1,1
春水,0:00:03.321000,1,1
晋优,0:01:54.564000,17,17
晓东,0:00:07.769000,2,2
晓月左卫门十藏,0:00:06.544000,1,1
晓飞,0:00:39.193000,9,9
普吕姆,0:00:02.173000,1,1
普扬,0:00:45.017000,6,6
普热瓦,0:00:03.665000,2,2
普里亚,0:00:15.345000,3,3
普里耶,0:01:39.943000,16,16
景明,0:01:46.700000,17,17
景澄,0:01:37.933000,13,13
智树,0:04:07.147000,49,49
暮夜剧团团长,0:02:53.327000,35,35
暴躁的守卫,0:00:07.291000,2,2
曜,0:00:14.116000,4,4
曼苏尔,0:00:11.572000,2,2
曼达娜,0:00:07.131000,2,2
替班守卫,0:00:18.351000,4,4
月疏,0:00:04.036000,1,1
有乐斋,0:05:42.900000,38,38
有泽,0:01:02.312000,9,9
有翼草本真蕈,0:00:06.332000,5,5
有香,0:00:39.211000,8,8
朋义,0:02:38.161000,24,24
朔次郎,0:03:16.621000,45,45
望月,0:00:02.601000,1,1
望雅,0:05:36.576000,54,54
朝仓,0:00:03.436000,1,1
朝南,0:00:04.111000,1,1
朝雾,0:00:02.051000,1,1
木下,0:00:12.284000,7,7
木南杏奈,0:03:53.167000,40,40
木木,0:02:37.928000,24,24
木村,0:04:31.331000,39,39
木鲁瓦,0:00:16.239000,4,4
未来,0:00:03.935000,1,1
本,0:00:31.011000,6,6
札齐,0:04:16.549000,31,31
朱利亚诺,0:01:35.533000,13,13
朱巴,0:01:45.251000,11,11
朱特,0:02:31.533000,23,23
朱老板,0:01:24.773000,14,14
朱达尔,0:02:00.013000,13,13
朱里厄,0:02:55.676000,31,31
朱陶,0:00:58.425000,8,8
机械螃蟹,0:00:06.964000,5,5
杉山,0:00:02.936000,1,1
杉本,0:00:41.028000,7,7
李丁,0:03:27.508000,28,28
李九郎,0:00:02.385000,1,1
李小虎,0:00:03.141000,1,1
李当,0:01:39.577000,20,20
李晓,0:00:06.272000,2,2
李锤子,0:00:14.373000,3,3
村上,0:00:46.459000,10,10
村山,0:00:03.888000,1,1
村民,0:00:02.723000,2,2
村田,0:03:17.089000,26,26
杜兰,0:00:07.048000,3,3
杜吉耶,0:08:51.217000,64,64
杜拉夫,0:13:22.756000,133,133
杜莎,0:00:03.603000,1,1
杞平,0:00:34.312000,4,4
杰克,0:04:13.301000,57,57
杰夫,0:00:41.159000,5,5
杰娜姬,0:02:30.084000,25,25
杰巴里,0:01:11.561000,10,10
杰拉德,0:00:07.640000,3,3
杰洛尼,0:03:27.612000,36,36
杰萨尔,0:01:02.217000,11,11
杰赫南,0:00:05.420000,2,2
杰里,0:00:05.511000,2,2
松前,0:00:14.879000,2,2
松坂,0:01:32.159000,20,20
松川宗全,0:00:04.360000,1,1
松平,0:00:06.068000,2,2
松本,0:00:24.748000,5,5
松浦,0:07:23.968000,67,67
松田,0:00:59.883000,11,11
松鼠,0:02:05.869000,19,19
林尼,1:58:02.878000,882,882
枫,0:02:11.792000,21,21
枫原万叶,2:16:27.140000,1133,1133
枫原久通,0:01:04.287000,7,7
枫原义庆,0:01:43.681000,7,7
枫原景春,0:02:46.933000,19,19
枭总管,0:00:14.508000,3,3
柊千里,0:14:02.404000,114,114
柊慎介,0:02:11.279000,21,21
某人的喊声,0:00:04.500000,2,2
柚子,0:00:27.176000,5,5
查尔斯,0:09:20.159000,98,98
查耶维奇,0:00:06.299000,2,2
柯奈尔,0:00:35.820000,6,6
柯莉黛尔,0:00:49.800000,6,6
柯莱,1:34:59.575000,809,809
柳德米拉,0:00:31.337000,9,9
柴毅,0:01:29.587000,14,14
柴田,0:02:35.213000,21,21
柴门二郎,0:00:03.496000,1,1
柴门克巳,0:00:04.488000,1,1
柴门惠理,0:00:09.699000,1,1
格伦德·雪奈茨维奇,0:00:34.765000,6,6
格兰维尔,0:01:53.797000,20,20
格奥尔格,0:01:02.701000,11,11
格拉西亚,0:01:38.091000,13,13
格莱,0:00:15.733000,3,3
格蕾希艾,0:00:02.040000,1,1
格雷戈,0:00:02.480000,1,1
格雷戈尔,0:00:08.948000,3,3
桂一,0:00:57.411000,11,11
桂木,0:00:48.611000,7,7
桃子,0:00:02.617000,1,1
桐本,0:00:06.045000,1,1
桑杰,0:00:09.559000,2,2
桑迪诺,0:00:10.787000,1,1
桥本,0:00:18.117000,3,3
桥西,0:00:01.268000,1,1
梅尔克,0:00:21.013000,3,3
梅瑟娜,0:00:05.707000,2,2
梅薇丝,0:00:07.893000,2,2
梢,0:01:54.636000,18,18
梨绘,0:00:15.848000,4,4
梨香,0:00:01.769000,1,1
梶,0:00:04.203000,2,2
森口,0:00:08.324000,2,2
森彦,0:01:45.500000,23,23
楚仪,0:02:23.143000,21,21
楚婆婆,0:00:05.495000,1,1
楠塔克,0:00:05.252000,1,1
楠楠,0:02:02.496000,23,23
榎本,0:01:06.768000,10,10
模样怪异的士兵,0:01:02.613000,8,8
横山,0:00:32.280000,6,6
欣慰的观众,0:00:06.841000,1,1
欧莉艾尔,0:01:03.903000,9,9
欧菲妮,0:25:29.747000,146,146
歌德,0:01:03.901000,10,10
歌特琳德,0:01:54.929000,22,22
正二,0:00:58.439000,11,11
正人,0:02:07.587000,16,16
正胜,0:00:12.895000,4,4
正茂,0:00:26.221000,5,5
步云,0:00:29.969000,7,7
武士头领,0:00:21.280000,2,2
武沛,0:01:29.447000,13,13
武田,0:00:06.524000,1,1
毅,0:00:55.876000,11,11
母亲,0:00:27.900000,3,3
毓华,0:00:48.200000,10,10
比塔,0:00:06.431000,2,2
比罗,0:01:31.005000,15,15
毕洛,0:00:04.796000,2,2
毗伽尔,0:07:07.171000,61,61
民众,0:00:24.744000,8,8
气泡C,0:00:03.469000,1,1
气泡D,0:00:01.944000,1,1
气泡E,0:00:02.576000,1,1
水手,0:00:02.004000,1,1
水田,0:00:14.884000,2,2
水的声音,0:00:53.364000,9,9
永业,0:00:12.383000,2,2
永安,0:00:41.899000,6,6
永贵,0:00:07.659000,2,2
永野,0:00:38.720000,5,5
汐零,0:00:03.763000,1,1
汝英,0:00:04.016000,2,2
江城,0:00:03.343000,1,1
江舟,0:01:25.424000,16,16
江蓠,0:03:23.243000,27,27
江雪,0:00:10.547000,3,3
池田总四郎,0:00:03.672000,2,2
汤米,0:00:03.072000,1,1
汤雯,0:00:08.780000,2,2
沃恩,0:01:43.700000,14,14
沃特林,0:03:09.368000,30,30
沉思的观众,0:00:36.104000,6,6
沉稳的观众,0:00:07.705000,1,1
沉香,0:00:03.569000,1,1
沐宁,0:00:02.513000,1,1
沐晨,0:00:03.180000,1,1
沙坎,0:02:21.068000,16,16
沙姆斯,0:00:17.321000,4,4
沙寅,0:03:35.113000,26,26
沙扎曼,0:07:04.876000,50,50
沙扬,0:00:07.347000,2,2
沙拉夫,0:00:15.183000,3,3
沙普尔,0:00:07.593000,2,2
沙欣,0:00:08.937000,2,2
沙班达尔,0:00:11.040000,2,2
沙瓦玛,0:00:09.524000,2,2
沙蒂尔,0:00:16.652000,3,3
沙赫布特,0:01:41.113000,17,17
河童,0:02:37.093000,25,25
治一郎,0:00:43.160000,6,6
法乌菈,0:00:42.537000,4,4
法伊兹,0:03:46.844000,34,34
法伯德,0:00:06.433000,2,2
法伽尼,0:00:12.347000,3,3
法加娜,0:00:17.228000,4,4
法卢克,0:01:27.305000,14,14
法哈德,0:03:07.816000,34,34
法图赫,0:00:16.295000,2,2
法尔扎妮,0:00:08.028000,2,2
法拉,0:00:59.921000,10,10
法拉娜,0:03:38.075000,16,16
法拉纳兹,0:00:10.219000,2,2
法莉哈,0:00:09.015000,2,2
法莎,0:00:01.377000,1,1
法赫尔,0:02:16.996000,17,17
法里德,0:00:11.828000,3,3
法里芭,0:00:20.068000,4,4
波林,0:00:44.496000,11,11
波洛,0:07:54.552000,68,68
泰久,0:00:05.544000,1,1
泰勒,0:00:48.309000,11,11
泰托,0:01:55.997000,16,16
泽田,0:06:35.243000,39,39
泽维尔,0:21:09.260000,158,158
泽轩,0:00:02.593000,1,1
洛伦佐,0:06:17.199000,41,41
洛伽,0:00:02.928000,1,1
洛恩,0:03:00.440000,24,24
洛成,0:01:43.364000,20,20
洛泰尔,0:00:50.047000,5,5
派安,0:01:06.692000,9,9
派恩,0:00:55.033000,9,9
派蒙,29:41:15.312000,18630,18630
流浪者,0:28:29.008000,235,235
浅川,0:00:41.079000,6,6
浅野,0:00:05.041000,2,2
浣溪,0:00:02.021000,1,1
浩仔,0:00:05.885000,2,2
浩司,0:01:12.869000,16,16
浪人,0:00:59.089000,7,7
浮游水蕈兽,0:00:26.547000,17,17
浮游水蕈兽·元素生命,0:20:49.473000,156,156
浮游水蕈兽·努尔,0:00:06.001000,1,1
浮游风蕈兽,0:00:04.092000,3,3
浮游风蕈兽·元素生命,0:02:11.097000,31,31
浮舍,0:00:29.257000,7,7
海伦,0:00:03.760000,1,1
海伯,0:00:19.725000,2,2
海妮耶,0:10:27.508000,87,87
海娜,0:00:15.615000,4,4
海宁,0:00:54.881000,13,13
海斗,0:00:47.097000,9,9
海祇岛众人,0:00:03.024000,1,1
海老名权四郎,0:00:05.388000,2,2
海芭夏,0:14:16.505000,107,107
海莉,0:00:01.252000,1,1
海达,0:00:44.483000,11,11
海迪夫,0:00:01.723000,1,1
海龙,0:01:22.279000,15,15
淑之,0:00:04.188000,1,1
淮安,0:03:45.252000,39,39
深渊使徒,0:05:44.681000,44,44
深渊司铎,0:00:07.736000,2,2
深渊法师,0:04:21.717000,53,53
深见,0:01:25.101000,13,13
混乱的观众,0:00:06.241000,1,1
清人,0:00:26.585000,4,4
清刚,0:01:20.811000,14,14
清子,0:00:03.567000,1,1
清惠,0:01:48.576000,14,14
清昼,0:00:01.692000,1,1
清水,0:01:32.152000,12,12
清涟,0:00:07.588000,2,2
渡边,0:00:05.256000,2,2
渡部,0:01:48.293000,18,18
温柔的女声,0:00:15.229000,1,1
温迪,2:03:30.899000,1251,1251
游客,0:00:08.517000,2,2
溜溜,0:00:55.224000,10,10
滑头鬼,0:00:02.775000,1,1
满,0:00:06.256000,2,2
潮哥,0:01:26.399000,11,11
潮汐,0:00:03.395000,1,1
澜阳,0:00:40.713000,7,7
火炽之心,0:01:47.416000,14,14
烟绯,1:21:46.296000,655,655
熙德拉,0:00:46.533000,6,6
爱丽丝,0:14:37.968000,82,82
爱德琳,0:16:54.396000,123,123
爱洛芙,0:00:42.715000,10,10
爱贝尔,0:34:50.272000,235,235
父亲,0:00:20.299000,2,2
片山,0:00:01.995000,1,1
牙,0:00:00.275000,1,1
牛志,0:00:13.744000,3,3
特洛黛,0:00:02.227000,1,1
特瓦林,0:00:08.789000,2,2
特纳,0:04:47.984000,34,34
犬少将,0:00:04.685000,3,3
犹豫的佣兵,0:00:01.457000,1,1
狐妖,0:04:12.360000,40,40
狗三儿,0:01:53.697000,22,22
独孤朔,0:03:36.883000,33,33
独眼小僧,0:03:01.219000,36,36
狼哥,0:02:42.381000,25,25
玄三,0:00:04.849000,1,1
玉霞,0:00:02.663000,1,1
王扳子,0:00:14.173000,3,3
玛乔丽,0:11:24.141000,114,114
玛亚姆,0:00:08.263000,2,2
玛克林,0:00:03.472000,1,1
玛塔莉,0:00:11.747000,4,4
玛塞勒,0:13:03.696000,91,91
玛尔瓦,0:00:33.865000,5,5
玛希德,0:00:18.681000,4,4
玛德琳,0:00:58.612000,7,7
玛拉,0:00:12.177000,3,3
玛文,0:01:49.397000,18,18
玛格丽特,0:10:35.156000,96,96
玛维斯,0:01:26.865000,11,11
玛蕾蒂,0:01:49.089000,13,13
玛赫菲,0:00:12.807000,3,3
玛达赫,0:04:10.109000,29,29
玥文,0:00:13.759000,2,2
玥辉,0:03:22.929000,27,27
玫莉莎,0:00:08.760000,1,1
玲花,0:00:56.395000,9,9
玲菜,0:00:43.953000,6,6
玻瑞亚斯,0:03:27.425000,27,27
珀姆,0:00:11.025000,2,2
珊瑚,0:08:21.679000,78,78
珊瑚宫心海,1:33:41.061000,742,742
珐露珊,1:32:08.052000,651,651
珐露珊母亲,0:02:08.701000,10,10
珠函,0:03:16.899000,33,33
班卡,0:00:09.232000,3,3
班尼特,1:00:45.280000,691,691
班达克,0:00:21.144000,7,7
理性的观众,0:00:04.229000,1,1
理正,0:00:32.397000,4,4
理水叠山真君,0:04:42.972000,33,33
琪娜特,0:00:08.545000,2,2
琬玉,0:00:46.843000,9,9
琳,0:01:48,28,28
琳妮特,0:30:58.953000,280,280
琳琅,0:02:49.275000,26,26
琳阳,0:00:03.252000,1,1
琴,1:02:15.024000,701,701
琴美,0:00:19.429000,7,7
琼斯,0:00:09.353000,2,2
瑛太,0:00:25.237000,5,5
瑞安维尔,0:03:25.237000,16,16
瑞锦,0:00:01.952000,1,1
瑶瑶,0:32:27.567000,199,199
瑾武,0:00:02.652000,1,1
璃彩,0:00:03.237000,1,1
璐璐,0:00:36.232000,7,7
瓦京,0:00:14.952000,5,5
瓦伊兹,0:00:54.772000,8,8
瓦妮塔,0:00:06.099000,1,1
瓦尔坦,0:00:10.587000,2,2
瓦希德,0:00:24.415000,3,3
瓦格纳,0:01:40.347000,26,26
瓦菲格,0:00:05.807000,1,1
甄强,0:00:02.455000,1,1
甘乐,0:00:03.917000,1,1
甘珠尔,0:00:03.420000,1,1
甘雨,1:04:18.767000,513,513
甜甜,0:00:04.067000,1,1
用高,0:00:38.979000,4,4
田铁嘴,0:08:24.740000,61,61
由宇,0:00:35.663000,4,4
由真,0:00:16.351000,4,4
甲斐田龙马,0:00:44.089000,7,7
申鹤,0:46:40.400000,362,362
男声,0:00:10.708000,1,1
男子汉杰克,0:00:01.521000,1,1
男性信众,0:00:51.297000,9,9
畅畅,0:01:58.936000,28,28
畑中,0:01:02.097000,10,10
留云借风真君,0:41:51.004000,236,236
疑問を抱く観衆,0:00:23.807000,3,3
疑惑的浮游水蕈兽,0:00:00.672000,1,1
疑惑的观众,0:00:36.704000,9,9
疲惫的村民,0:00:19.143000,4,4
白井,0:00:12.632000,2,2
白术,0:54:31.317000,362,362
百合华,0:00:41.156000,8,8
百晓,0:01:37.804000,18,18
百识,0:05:53.157000,48,48
百闻,0:07:52.103000,64,64
皮塔尔,0:00:30.348000,3,3
皮特,0:04:34.325000,46,46
皮雅,0:00:57.243000,8,8
盈丰,0:01:59.647000,26,26
盈珠,0:00:02.892000,1,1
盖伊,0:00:19.701000,5,5
盖曼,0:00:04.488000,1,1
盗宝团,0:00:03.117000,1,1
盗宝团「呱」,0:00:14.849000,4,4
盗宝团「鸦」,0:00:27.307000,7,7
盗宝团众,0:00:02.241000,1,1
直江久政,0:00:03.121000,1,1
看守,0:00:14.167000,3,3
真,0:02:24.411000,16,16
真昼,0:01:26.155000,10,10
真理,0:00:08.959000,2,2
真田,0:00:04.224000,1,1
眼神凛冽的夜鸦,0:00:22.197000,5,5
矢田幸喜,0:01:11.565000,10,10
矢部,0:00:45.103000,7,7
知易,0:06:51.020000,56,56
石原,0:00:25.781000,3,3
石壮,0:01:47.892000,17,17
石头,0:08:44.883000,64,64
石崎,0:01:03.867000,12,12
石川,0:00:03.636000,1,1
石榴,0:00:03.479000,1,1
石田,0:00:30.711000,8,8
矿工,0:00:09.387000,5,5
砂糖,1:16:59.035000,624,624
碧波,0:00:04.693000,1,1
礼安,0:00:12.341000,3,3
祖莉亚·德斯特雷,0:11:34.561000,75,75
祝明,0:00:22.339000,3,3
神奇的霍普金斯,0:01:00.901000,17,17
神情严肃的夜鸦,0:00:18.536000,7,7
神秘声音,0:00:17.716000,3,3
神里绫人,1:20:57.441000,580,580
神里绫华,1:50:30.482000,881,881
祥生,0:00:33.521000,10,10
福图赫,0:00:08.039000,2,2
福本,0:00:22.213000,5,5
福迪尔,0:00:12.759000,2,2
福阿德,0:00:05.660000,2,2
秀华,0:00:07.323000,3,3
秀夫,0:01:36.009000,17,17
秋人,0:00:25.977000,3,3
秋月,0:00:51.335000,9,9
秋歌,0:00:04.156000,1,1
秋蔚,0:00:10.361000,2,2
科尔特,0:10:57.940000,85,85
科拉莉,0:02:33.167000,21,21
科林斯,0:06:04.139000,58,58
秦夫人,0:00:02.325000,1,1
程杆子,0:00:02.451000,1,1
稻城萤美,0:03:21.967000,29,29
稻生,0:02:30.457000,26,26
穆妮尔,0:01:00.133000,11,11
穆泰尔,0:00:50.648000,7,7
穆甘纳,0:00:03.991000,1,1
空,2:36:36.225000,349,349
窃贼「捷思」,0:00:12.064000,3,3
窃贼「疾手」,0:00:05.977000,2,2
立本,0:04:04.764000,30,30
竟达,0:00:01.449000,1,1
竹内,0:00:31.884000,5,5
竹叔,0:00:15.759000,2,2
竹谷,0:00:05.909000,2,2
竺子,0:03:55.391000,28,28
符景,0:01:39.072000,17,17
笹野,0:00:41.060000,8,8
笼钓瓶一心,0:12:05.041000,104,104
篠冢,0:00:02.084000,1,1
米勒洛,0:00:23.979000,7,7
米卡,0:38:32.817000,264,264
米哈伊尔,0:00:17.980000,9,9
米尔,0:00:13.188000,2,2
米尔扎,0:00:09.120000,3,3
米歇尔,0:00:28.592000,5,5
米沙勒,0:01:28.249000,15,15
系统音,0:00:02.716000,1,1
素达蓓,0:00:22.640000,4,4
索希,0:00:03.560000,1,1
索拉雅,0:00:03.193000,1,1
索林,0:00:32.424000,10,10
索瑞,0:00:16.683000,3,3
索维格莎,0:00:23.120000,3,3
索赫尔,0:00:07.380000,2,2
紫微,0:00:03.517000,1,1
红豆,0:00:03.288000,1,1
约哈南,0:00:10.997000,2,2
约莲妮,0:00:12.373000,4,4
约里奥,0:00:09.603000,2,2
约顿,0:00:13.585000,4,4
纪芳,0:01:31.232000,15,15
纪香,0:02:25.307000,18,18
纯也,0:04:08.337000,40,40
纯水精灵,0:07:49.841000,50,50
纱江,0:00:19.588000,2,2
纳兰德拉,0:01:04.836000,7,7
纳吉斯,0:00:07.769000,2,2
纳巴提,0:00:09.895000,2,2
纳杰特,0:00:08.200000,2,2
纳比尔,0:14:54.317000,110,110
纳瓦兹,0:00:09.936000,2,2
纳西妲,3:35:51.295000,1608,1608
纳西尔,0:00:08.631000,2,2
纳赛尔,0:02:05.216000,23,23
纳赫蒂加尔,0:00:08.364000,2,2
纳里曼,0:00:06.573000,2,2
绀田传助,0:00:04.497000,1,1
细心的守卫,0:00:06.831000,3,3
经纶,0:00:19.467000,6,6
结菜,0:00:37.819000,4,4
绘星,0:05:37.705000,41,41
绮命,0:01:11.716000,14,14
绮珊,0:02:18.887000,18,18
绮良良,0:36:45.577000,230,230
维克多,0:00:16.851000,4,4
维勒,0:00:18.053000,5,5
维卡斯,0:03:29.692000,23,23
维多克,0:03:13.521000,26,26
维多利亚,0:04:08.521000,56,56
维尔芒,0:03:29.088000,34,34
维拉夫,0:01:35.917000,13,13
维斯科,0:00:08.599000,2,2
维莱妲,0:00:20.036000,3,3
罗伊斯,0:02:59.729000,34,34
罗伯特,0:00:11.673000,3,3
罗因贾,0:00:14.849000,2,2
罗娅,0:00:45.593000,7,7
罗小妹,0:00:02.973000,1,1
罗巧,0:02:55.900000,23,23
罗斯玛丽,0:00:02.523000,1,1
罗珊,0:00:23.020000,2,2
罗福,0:00:23.007000,3,3
罗纳克,0:01:29.517000,14,14
罗莎娜,0:00:10.953000,3,3
罗莎莉亚,0:29:07.568000,253,253
罗西莫夫,0:00:53.277000,8,8
罗贝尔·乌丹,0:01:36.429000,9,9
美和,0:01:01.571000,11,11
美羽,0:00:03.463000,1,1
美铃,0:01:08.072000,11,11
羽生田千鹤,0:08:45.468000,90,90
翔太,0:00:25.277000,6,6
翠儿,0:00:01.520000,1,1
翠斯塔,0:00:58.592000,9,9
翰学,0:01:11.283000,12,12
老仆,0:00:23.196000,3,3
老克,0:02:09.771000,21,21
老刘伯,0:00:06.681000,1,1
老周叔,0:00:09.819000,2,2
老图,0:00:04.939000,2,2
老墨,0:00:10.195000,2,2
老孙,0:01:58.148000,18,18
老孟,0:06:05.705000,70,70
老成的守卫,0:00:23.704000,4,4
老戴,0:05:27.588000,49,49
老板,0:00:21.252000,3,3
老章,0:02:15.529000,19,19
老练的杀手,0:00:26.299000,2,2
老芬奇,0:03:30.728000,32,32
老贾,0:01:31.793000,18,18
老赵,0:00:02.272000,1,1
老郑,0:00:09.156000,2,2
老高,0:02:30.725000,21,21
考える観衆,0:00:10.860000,1,1
考え込む観衆,0:00:06.400000,1,1
考什克,0:00:03.933000,1,1
考威尔,0:00:03.452000,1,1
考特里亚,0:03:25.619000,19,19
耕一,0:02:26.661000,23,23
耶尔米尼,0:00:47.792000,8,8
耶沙法特,0:00:10.908000,3,3
聪,0:01:14.511000,12,12
聪子,0:01:25.416000,15,15
聪美,0:00:34.021000,5,5
肯定的观众,0:00:05.027000,2,2
肯特,0:00:42.593000,7,7
胜家,0:00:51,9,9
胡塞尼,0:00:04.281000,1,1
胡尚,0:03:19.405000,35,35
胡桃,1:14:40.321000,661,661
胡瓦,0:00:26.391000,5,5
胡马延,0:00:21.492000,4,4
脑海中回荡的声音,0:01:00.013000,6,6
自信的观众,0:00:34.481000,7,7
自称「渊上」之物,0:05:06.372000,28,28
興奮する観衆,0:00:01.367000,1,1
舍万,0:00:25.117000,6,6
舍利夫,0:06:21.948000,69,69
舒伯特,0:09:17.161000,86,86
舒杨,0:00:18.008000,3,3
舒茨,0:01:00.907000,12,12
舒莱赫,0:00:22.973000,4,4
般底,0:00:23.059000,3,3
船夫,0:00:19.979000,3,3
良子,0:01:43.713000,16,16
良平,0:00:08.119000,2,2
艾伦,0:03:34.927000,40,40
艾伯特,0:06:41.960000,73,73
艾依曼,0:00:47.507000,10,10
艾尔海森,2:04:25.349000,1070,1070
艾尔菲,0:00:10.929000,3,3
艾希拉,0:00:07.757000,2,2
艾德娜,0:00:26.367000,6,6
艾德里安,0:01:30.579000,13,13
艾拉·马斯克,0:00:02.961000,1,1
艾拉姆,0:01:00.028000,9,9
艾文,0:07:16.193000,75,75
艾斯特尔,0:00:03.401000,1,1
艾方索,0:00:11.536000,4,4
艾玛尔,0:00:04.844000,1,1
艾珂,0:00:02.511000,1,1
艾琪诺,0:00:02.400000,1,1
艾琳,0:04:28.088000,53,53
艾登,0:00:09.644000,2,2
艾米尔,0:00:40.901000,9,9
艾维娜,0:00:08.071000,2,2
艾莉亚,0:00:09.981000,2,2
艾莎,0:00:50.691000,5,5
艾莲娜,0:00:10.195000,2,2
艾贝,0:00:21.259000,8,8
艾辛多弗,0:00:27.897000,4,4
艾迪丝博士,0:00:12.175000,3,3
芊芊,0:01:14.361000,16,16
芙卡洛斯,0:11:29.001000,80,80
芙宁娜,1:59:42.624000,909,909
芙萝拉,0:03:20.643000,44,44
芙蓉,0:00:45.819000,9,9
芝拉,0:00:09.623000,2,2
芬德,0:00:01.747000,1,1
芭芭拉,1:13:01.385000,750,750
花初,0:00:05.917000,2,2
芷巧,0:05:14.488000,46,46
芷若,0:00:02.285000,1,1
苏二娘,0:00:03.021000,1,1
苏尔塔尼,0:00:13.429000,2,2
苏莱卡,0:00:08.808000,2,2
苏西,0:01:09.985000,13,13
若心,0:03:15.455000,23,23
若紫,0:00:02.115000,1,1
若陀龙王,0:00:55.044000,9,9
苦恼的特利芙,0:00:02.280000,1,1
苦恼的莉安,0:00:02.901000,1,1
茂才公,0:02:23.873000,27,27
范二爷,0:00:44.757000,7,7
范兵卫,0:00:12.279000,2,2
茅葺一庆,0:00:49.717000,6,6
茉莉,0:00:02.275000,1,1
茱塔,0:00:06.192000,1,1
茱萸,0:00:02.899000,1,1
茶博士刘苏,0:00:43.919000,4,4
荒川幸次,0:00:24.260000,4,4
荒泷一斗,2:32:49.960000,1199,1199
荒谷,0:02:48.889000,25,25
荣江,0:00:10.461000,2,2
荧,2:45:14.265000,391,391
荫山,0:00:52.497000,9,9
荷尔德林,0:00:03.505000,1,1
莉兹,0:00:01.907000,1,1
莉尔,0:00:10.541000,2,2
莉拉,0:00:10.455000,2,2
莉莉,0:00:07.629000,2,2
莉莉安,0:02:32.117000,18,18
莎塔,0:00:07.336000,2,2
莎梅耶,0:00:07.695000,2,2
莎莉,0:00:10.852000,2,2
莎莎,0:00:03.056000,1,1
莎莎妮,0:00:11.609000,2,2
莎菲,0:00:10.316000,2,2
莎菲亚,0:00:05.852000,2,2
莎迪耶,0:00:07.796000,2,2
莫塞伊思,0:06:54.356000,65,65
莫娜,1:39:26.619000,909,909
莫孜甘,0:00:08.635000,2,2
莫尔吉,0:01:53.429000,16,16
莫约,0:00:13.039000,3,3
莫莉,0:00:18.637000,3,3
莫莱妮,0:00:12.920000,4,4
莫里斯,0:02:06.835000,28,28
莱依拉,2:08:43.729000,974,974
莱克图尔,0:00:46.855000,7,7
莱内,0:00:06.516000,1,1
莱奥尼德,0:01:19.075000,15,15
莱拉,0:00:10.540000,2,2
莱斯,0:00:22.913000,6,6
莱斯利,0:00:03.680000,1,1
莱斯格,0:05:17.269000,46,46
莱斯科·德斯特雷,0:00:40.633000,5,5
莱昂,0:05:32.520000,36,36
莱欧斯利,1:33:53.112000,709,709
莱蒂法,0:01:41.561000,16,16
莱诺,0:00:11.805000,5,5
莲塔,0:00:15.525000,4,4
莺儿,0:09:17.824000,83,83
菜菜子,0:02:18.971000,21,21
菱田,0:00:26.013000,4,4
菲利克斯,0:01:55.617000,20,20
菲尔戈黛特,0:05:27.037000,53,53
菲尔汀,0:02:02.309000,14,14
菲德兰,0:00:01.917000,1,1
菲恩,0:00:26.255000,5,5
菲米尼,0:46:42.860000,326,326
菲茨罗伊,0:01:14.888000,9,9
菲谢尔,0:58:13.276000,425,425
菲谢尔的母亲,0:00:39.719000,4,4
菲谢尔的父亲,0:00:25.469000,2,2
萍姥姥,0:41:17.317000,268,268
萨义德,0:00:12.703000,3,3
萨勒,0:00:07.379000,2,2
萨哈尔,0:00:11.687000,2,2
萨基,0:00:01.753000,1,1
萨塔尔,0:01:22.707000,13,13
萨宾,0:00:05.509000,1,1
萨尔姆,0:00:12.979000,2,2
萨尼娅,0:00:09.187000,4,4
萨德赫,0:00:40.275000,7,7
萨拉尔,0:00:17.619000,4,4
萨福万,0:02:14.152000,17,17
萨纳德,0:00:13.977000,4,4
萨蒂,0:00:09.407000,2,2
萨赫哈蒂,0:06:43.941000,41,41
萨齐因,0:05:58.858000,32,32
落,0:00:02.809000,1,1
落霞,0:00:03.433000,1,1
葛瑞丝,0:02:57.032000,22,22
葛罗丽,0:00:40.299000,9,9
葫芦,0:00:02.444000,1,1
葵,0:04:00.121000,28,28
蒂亚,0:00:08.628000,2,2
蒂埃里,0:03:35.256000,27,27
蒂玛乌斯,0:15:05.728000,151,151
蒂雅,0:00:08.773000,2,2
蒙蒙,0:00:02.324000,1,1
蒲泽,0:00:52.813000,7,7
蓝川丞,0:01:16.692000,14,14
蔡乐,0:00:25.643000,5,5
蔡寻,0:00:37.155000,7,7
蕾娅,0:00:06.033000,2,2
薇娜,0:02:28.043000,18,18
薇尔,0:03:04.717000,24,24
薇涅尔,0:07:47.797000,49,49
薇若妮卡,0:02:44.080000,33,33
薮木,0:00:05.005000,1,1
藤原俊子,0:00:01.724000,1,1
藤木,0:01:36.933000,17,17
虎之助,0:00:02.036000,1,1
蛮横的守卫,0:00:03.908000,1,1
衆人,0:00:17.799000,4,4
行秋,0:58:14.748000,524,524
表情低落的犯人,0:00:45.737000,5,5
表情狰狞的犯人,0:00:41.624000,6,6
裕子,0:00:47.896000,12,12
裕明,0:00:51.196000,10,10
西口,0:00:02.899000,1,1
西尔弗,0:02:51.512000,41,41
西拉杰,0:07:52.775000,52,52
西敏,0:00:39.325000,8,8
西格,0:00:14.193000,2,2
西瓦尼,0:02:58.547000,19,19
西西,0:00:27.533000,4,4
西达,0:00:35.731000,5,5
西风骑士,0:00:03.479000,2,2
观众,0:00:44.873000,10,10
观海,0:01:48.759000,19,19
言笑,0:06:46.999000,77,77
訝しむ観衆,0:00:13.793000,2,2
詹妮特,0:00:03.569000,1,1
认可的观众,0:00:18.147000,2,2
认真的观众,0:00:07.293000,1,1
讥讽的观众,0:00:04.611000,1,1
诗筠,0:05:27.957000,62,62
诗羽,0:00:15.468000,3,3
诚二,0:00:12.327000,2,2
诺拉,0:00:18.432000,6,6
诺曼,0:00:45.056000,7,7
诺玛,0:00:01.703000,1,1
诺艾尔,1:29:27.207000,963,963
谁人的声音,0:02:17.337000,19,19
调查,0:02:54.976000,25,25
谢尔盖,0:01:38.787000,19,19
谢赫祖拜尔,0:05:22.116000,51,51
豁牙子,0:00:02.081000,1,1
贝儿,0:00:39.293000,10,10
贝哈姆,0:00:09.981000,2,2
贝妮蒂,0:00:27.813000,4,4
贝尔卡塞姆,0:00:14.715000,4,4
贝尔福,0:00:31.393000,4,4
贝拉特,0:00:07.524000,2,2
贝海姆,0:00:09.704000,2,2
贝琳达,0:01:11.028000,18,18
贝西,0:00:18.840000,3,3
贝雅特丽奇,0:04:27.609000,64,64
贝鲁兹,0:00:06.601000,2,2
质疑的观众,0:00:04.591000,1,1
贵安,0:00:10.017000,1,1
费尔比,0:00:10.791000,2,2
费索勒,0:02:29.413000,32,32
费罗兹,0:00:07.893000,2,2
费迪南德,0:06:45.192000,76,76
费雷斯特,0:00:17.191000,3,3
贾扬特,0:00:21.651000,3,3
贾拉康,0:02:27.941000,15,15
贾汉,0:00:28.528000,7,7
贾汉吉尔,0:00:09.609000,2,2
贾法尔,0:00:12.640000,4,4
贾瓦希尔,0:00:07.703000,2,2
贾瓦德,0:00:15.077000,2,2
赛场司仪,0:00:48.563000,9,9
赛芭,0:00:09.540000,2,2
赛诺,1:30:07.767000,926,926
赞同的观众,0:00:10.301000,4,4
赫塔,0:00:07.677000,2,2
赫尔曼,0:00:59.516000,12,12
走私商,0:00:13.403000,4,4
走私跟班,0:00:01.569000,1,1
路德温,0:00:27.253000,5,5
路爷,0:01:26.776000,15,15
轰大叔,0:02:53.369000,29,29
辉子,0:00:02.971000,1,1
辉少,0:00:02.860000,1,1
辛焱,1:11:22.860000,636,636
辛秀,0:00:11.932000,3,3
辛程,0:01:03.819000,11,11
达丽娜,0:00:07.924000,2,2
达列尔,0:00:10.675000,4,4
达纳,0:00:05.040000,2,2
达莉亚,0:00:09.401000,2,2
达达利亚,1:14:54.888000,692,692
迈勒斯,0:18:36.371000,139,139
迈蒙,0:07:34.655000,62,62
远处的声音,0:00:06.111000,3,3
迟疑的观众,0:00:07.379000,1,1
迪卢克,0:47:20.475000,621,621
迪奥娜,1:25:26.231000,799,799
迪娜泽黛,0:37:55.063000,328,328
迪尔菲,0:10:04.436000,93,93
迪希雅,2:08:56.649000,1029,1029
迪拉瓦尔,0:00:11.259000,2,2
迪肯,0:04:52.692000,35,35
迪迪巴巴,0:00:38.229000,11,11
迷茫的观众,0:00:06.961000,1,1
逢岩,0:00:52.959000,11,11
逸轩,0:00:46.957000,5,5
遇袭的小孩,0:00:07.883000,2,2
那维莱特,2:00:44.193000,985,985
酒井,0:01:17.492000,13,13
酒客众,0:00:04.563000,1,1
醉今朝,0:00:03.903000,1,1
醒悟的观众,0:00:03.315000,2,2
采珊,0:01:55.051000,16,16
里加斯,0:01:22.129000,18,18
里卡尔,0:04:25.965000,44,44
里夫,0:00:11.220000,4,4
里瑟,0:00:02.895000,1,1
重云,1:06:50.188000,696,696
重佐,0:03:53.644000,36,36
野伏众,0:00:02.600000,1,1
野崎,0:00:07.053000,2,2
野方,0:01:11.913000,15,15
金忽律,0:04:20.816000,43,43
金钟,0:00:06.060000,2,2
鉴秋,0:00:11.708000,3,3
钟离,1:58:49.869000,1098,1098
钦佩的观众,0:00:07.579000,1,1
钱德拉,0:02:56.615000,23,23
钱眼儿,0:00:14.917000,4,4
铁也,0:00:16.289000,2,2
铁块儿,0:00:03.773000,1,1
铁算盘,0:01:46.512000,15,15
铁膀子,0:00:56.128000,10,10
铁衫,0:00:01.495000,1,1
铁骨双刀,0:00:41.485000,7,7
铜雀,0:02:45.651000,26,26
银杏,0:05:03.585000,35,35
锅巴,0:00:19.033000,18,18
锦野玲玲,0:00:05.095000,1,1
镀金旅团成员,0:00:13.225000,4,4
镇海,0:00:02.313000,1,1
长冈秀满,0:00:03.049000,1,1
长平,0:00:50.903000,9,9
长濑,0:00:03.501000,1,1
长生,0:08:03.709000,86,86
长谷川,0:00:09.501000,2,2
长野原龙之介,0:03:16.447000,35,35
长门幸子,0:03:58.115000,27,27
长顺,0:01:24.052000,14,14
门罗,0:00:06.691000,2,2
阳介,0:00:03.096000,1,1
阳太,0:00:27.213000,3,3
阳斗,0:00:01.563000,1,1
阴沉的守卫,0:00:07.937000,3,3
阿三,0:01:33.327000,14,14
阿丑,0:00:43.459000,24,24
阿丹,0:00:40.920000,5,5
阿义,0:00:02.463000,1,1
阿二,0:01:34.252000,17,17
阿亚德瓦,0:00:08.961000,2,2
阿亮,0:00:43.305000,5,5
阿什亚,0:00:08.409000,2,2
阿什克,0:00:17.789000,3,3
阿什帕齐,0:00:09.156000,2,2
阿什莎布,0:00:07.420000,2,2
阿仁,0:02:14.833000,19,19
阿伟,0:00:04.791000,2,2
阿佐,0:00:06.100000,2,2
阿佑,0:00:01.380000,1,1
阿佩普,0:08:01.268000,43,43
阿克拉姆,0:00:08.371000,2,2
阿兹拉,0:00:04.849000,2,2
阿内,0:01:38.889000,11,11
阿凡,0:00:08.505000,2,2
阿创,0:00:30.539000,7,7
阿利娅,0:02:12.696000,23,23
阿加什,0:00:39.993000,7,7
阿升,0:00:56.605000,7,7
阿南德,0:00:07.084000,2,2
阿卜,0:00:02.055000,1,1
阿吉,0:01:17.285000,12,12
阿嘟,0:00:21.499000,3,3
阿圆,0:09:38.776000,80,80
阿塔,0:01:50.272000,18,18
阿外,0:01:24.049000,13,13
阿大,0:01:24.535000,15,15
阿夫塔,0:00:21.440000,4,4
阿夫辛,0:03:29.936000,30,30
阿妮萨,0:00:04.225000,1,1
阿娜耶,0:09:04.332000,105,105
阿孜米,0:00:11.521000,1,1
阿守,0:13:02.188000,126,126
阿宽,0:00:10.285000,3,3
阿尔亚沙,0:00:24.848000,3,3
阿尔卡米,0:07:23.312000,50,50
阿尔图,0:00:13.253000,3,3
阿尔弗雷德,0:00:04.409000,1,1
阿尔明,0:00:08.313000,3,3
阿尤布,0:00:06.812000,2,2
阿尼斯,0:02:48.485000,29,29
阿山婆,0:02:39.412000,23,23
阿巴克,0:00:09.103000,2,2
阿巴图伊,0:06:48.175000,44,44
阿巴奈尔,0:00:24.320000,2,2
阿巴尼斯,0:00:06.903000,2,2
阿布丁,0:00:07.321000,2,2
阿布多,0:00:50.641000,7,7
阿幸,0:04:36.996000,51,51
阿强,0:00:16.147000,3,3
阿德勒,0:00:11.753000,3,3
阿德菲,0:00:02.099000,1,1
阿扎尔,0:14:41.648000,98,98
阿扎木,0:02:52.288000,30,30
阿扎莱,0:00:06.013000,2,2
阿托,0:00:21.397000,5,5
阿扣,0:00:04.825000,1,1
阿拉夫,0:08:07.683000,65,65
阿拉比,0:00:09.032000,2,2
阿拉耶什,0:00:06.912000,2,2
阿提亚,0:00:10.008000,2,2
阿斯法德,0:04:53.733000,27,27
阿方,0:00:48.529000,9,9
阿旭,0:03:25.275000,36,36
阿昊,0:00:07.071000,2,2
阿晃,0:11:25.727000,123,123
阿望,0:00:21.499000,3,3
阿木,0:00:02.108000,1,1
阿桂,0:01:39.176000,18,18
阿比德,0:00:18.967000,4,4
阿汉格尔,0:02:57.940000,25,25
阿法纳西,0:00:11.977000,2,2
阿波,0:00:02.287000,1,1
阿泰,0:00:05.312000,1,1
阿洛瓦,0:08:15.673000,94,94
阿玛兹亚,0:01:10.219000,13,13
阿玛尔,0:01:00.185000,9,9
阿瑟尔,0:00:01.153000,1,1
阿直,0:00:02.640000,1,1
阿祇,0:12:03.473000,89,89
阿笨,0:00:03.348000,1,1
阿米,0:00:10.056000,2,2
阿米尔,0:01:25.128000,14,14
阿维丝,0:02:37.421000,25,25
阿芬迪,0:02:10.917000,14,14
阿芷,0:00:02.912000,1,1
阿茂,0:01:52.409000,12,12
阿莎,0:00:11.304000,3,3
阿莎拉,0:00:12.629000,3,3
阿莱,0:00:34.201000,8,8
阿莲佐,0:00:43.541000,8,8
阿蒙苏,0:00:29.931000,5,5
阿虎,0:00:48.727000,6,6
阿诺德,0:02:56.624000,27,27
阿豪,0:00:10.676000,3,3
阿贝多,2:15:49.240000,1197,1197
阿贤,0:00:21.825000,6,6
阿迪勒,0:00:24.695000,4,4
阿里娜,0:00:14.061000,3,3
阿金,0:02:10.781000,16,16
阿阳,0:00:08.597000,3,3
阿雩,0:04:48.188000,41,41
阿飞,0:01:13.187000,18,18
阿鲁埃,0:00:09.721000,2,2
阿鸠,0:02:06.040000,17,17
阿麦努,0:00:50.083000,10,10
阿黛尔,0:01:18.457000,18,18
陆,0:00:02.500000,1,1
陆行岩本真蕈·元素生命,0:04:39.717000,37,37
陆行水本真蕈·元素生命,0:00:18.299000,4,4
陶义隆,0:00:34.691000,5,5
隼人,0:01:01.967000,8,8
难过的浮游水蕈兽,0:00:01.016000,1,1
雄三,0:00:03.248000,1,1
雅丝敏,0:00:04.851000,2,2
雅普,0:00:25.269000,3,3
雅瓦娜尼,0:00:09.340000,3,3
雪怪伯,0:00:34.801000,6,6
雷汉,0:00:18.855000,2,2
雷泽,0:28:34.100000,405,405
雷温,0:00:03.280000,1,1
雷电将军,1:34:05.163000,750,750
雷萨,0:00:09.113000,2,2
雷萨哈尼,0:00:12.671000,1,1
雷蒙德,0:00:10,1,1
震惊的观众,0:00:07.588000,2,2
霍夫曼,0:06:33.560000,89,89
霖铃,0:00:21.219000,4,4
露子,0:02:31.933000,21,21
露尔薇,0:03:39.708000,39,39
露瓦卜,0:01:39.112000,11,11
霹雳闪雷真君,0:00:04.585000,1,1
青木,0:00:04.335000,2,2
青涩的杀手,0:00:14.896000,2,2
青白,0:00:04.336000,1,1
青莲,0:00:04.701000,1,1
韦亚斯,0:00:16.753000,4,4
韦尔纳,0:04:14.303000,43,43
韦尔赛,0:01:42.143000,15,15
韵宁,0:04:50.207000,44,44
頑張るシリオ,0:00:11.979000,3,3
顺吉,0:01:56.427000,16,16
顺平,0:01:24.785000,12,12
须弥行人,0:00:21.092000,5,5
须美,0:00:04.184000,1,1
风速枣椰,0:00:31.157000,7,7
风龙,0:00:22.096000,7,7
飞飞,0:01:54.308000,23,23
香川,0:00:03.120000,1,1
香菱,1:12:09.127000,661,661
驚く観衆,0:00:07.425000,2,2
马克西姆,0:00:38.983000,7,7
马哈,0:00:02.817000,1,1
马坎,0:00:53.925000,9,9
马塞尔,0:00:35.096000,6,6
马塞拉,0:00:02.719000,1,1
马姆杜,0:06:04.527000,52,52
马斯鲁尔,0:01:09.913000,10,10
马苏迪,0:00:10.520000,2,2
马茨,0:00:13.444000,3,3
马蒂纳,0:01:02.217000,18,18
马鲁夫,0:00:05.057000,2,2
马齐尔,0:00:07.419000,2,2
驹形,0:00:01.632000,1,1
骆丰,0:00:01.331000,1,1
高哈尔,0:00:07.441000,2,2
高善,0:02:37.831000,27,27
高坂,0:00:01.651000,1,1
高山,0:00:25.551000,4,4
高志,0:00:18.737000,5,5
高斐,0:00:03.164000,1,1
高桥,0:00:05.683000,2,2
高美,0:00:04.820000,1,1
高老六,0:01:00.919000,11,11
鬼伯伯,0:00:06.889000,1,1
鬼婆婆,0:02:50.621000,20,20
魈,0:57:01.432000,670,670
魏风尘,0:00:02.420000,1,1
魔女N,0:03:38.412000,20,20
鲁克沙,0:00:09.079000,3,3
鲁哈维,0:03:26.100000,25,25
鲁希,0:01:42.576000,20,20
鲁梅拉,0:00:11.519000,2,2
鲁达贝,0:00:14.339000,2,2
鲁道夫,0:00:05.528000,2,2
鲍里斯,0:00:02.008000,1,1
鲱鱼一番队队员,0:00:02.304000,1,1
鲸井小弟,0:00:39.232000,14,14
鲸井椛,0:00:03.368000,1,1
鸿兴,0:00:22.148000,3,3
鸿如,0:00:16.933000,6,6
鹤立,0:00:26.961000,7,7
鹰司千歌,0:00:43.629000,7,7
鹰司家臣,0:00:02.205000,1,1
鹰司朝秀,0:00:04.159000,1,1
鹰司进,0:01:29.095000,14,14
鹿野奈奈,0:08:34.739000,87,87
鹿野院平藏,1:21:38.183000,717,717
麦克,0:00:43.584000,8,8
麦凯什,0:02:11.309000,18,18
麦娜尔,0:00:53.329000,10,10
麦尔斯,0:00:15.133000,3,3
麦希尔,0:03:20.845000,33,33
麦扎尔,0:00:20.989000,3,3
麻纪,0:00:53.531000,11,11
麻美,0:01:16.533000,13,13
黄巨贾,0:00:04.496000,1,1
黄衫,0:00:02.024000,1,1
黄麻子,0:00:40.441000,7,7
黑泽京之介,0:04:08.160000,34,34
黑田,0:07:03.620000,55,55
黛丝蕾,0:00:18.559000,3,3
黛丝蕾父亲,0:00:09.013000,2,2
黛安,0:00:03.788000,1,1
黛比,0:03:02.637000,38,38
齐亚德,0:00:04.847000,2,2
齐格芙丽雅,0:00:37.637000,10,10
齐米亚,0:03:05.295000,29,29
齐米娅,0:00:08.641000,2,2
齐里亚布,0:00:14.516000,4,4
龙二,0:10:00.408000,82,82
